{  
    "pools":[  
        {  
            "rolls":1,
            "entries":[  
                {  
                    "type": "loot_table",
                    "name": "minecraft:entities/reference/extra/shulker",
                    "weight": 1
                }
            ]
        },
        {  
            "rolls":1,
            "entries":[  
                {  
                    "type": "loot_table",
                    "name": "minecraft:entities/reference/emmh/shulker",
                    "weight": 1
                }
            ]
        },
        {
            "rolls": 1,
            "entries": [
                {
                    "type": "item",
                    "name": "minecraft:shulker_shell",
                    "weight": 1,
                    "functions": [
                        {
                            "function": "looting_enchant",
                            "count": 1,
                            "limit": 1
                        }
                    ]
                }
            ]
        }
    ]
}