{
  "pools": [
        {
            "rolls": 1,
            "entries": [
                {
                    "type": "item",
                    "name": "minecraft:shulker_shell",
                    "weight": 1,
                    "functions": [
                        {
                            "function": "looting_enchant",
                            "count": 1,
                            "limit": 1
                        }
                    ]
                }
            ]
        }
    ]
}